SET FOREIGN_KEY_CHECKS = 0;

-- Dumping data for table gps_db.pois_localizeddata: ~10 rows (approximately)
INSERT INTO `pois_localizeddata` (`id`, `lang_code`, `name`, `description`, `audio`, `poi_id`, `created_at`, `updated_at`) VALUES
	('003a81d4-60eb-41c7-b9ee-4fd24fe02ed4', 'vi', 'Dinh Độc Lập', 'Dinh Độc Lập là một công trình kiến trúc lịch sử mang tính biểu tượng của Thành phố Hồ Chí Minh, từng là nơi ở và làm việc của Tổng thống Việt Nam Cộng hòa. Nơi đây chứng kiến nhiều sự kiện lịch sử quan trọng, đặc biệt là khoảnh khắc xe tăng húc đổ cổng chính vào ngày 30 tháng 4 năm 1975. Hiện nay, dinh được bảo tồn nguyên vẹn và mở cửa thường xuyên cho du khách trong và ngoài nước đến tham quan.', 'http://localhost:8000/media/pois/e73cc8a6-d51a-4770-b19c-825db407a174/audio_vi', 'e73cc8a6-d51a-4770-b19c-825db407a174', '2026-04-07 02:07:44.884195', '2026-04-07 02:35:46.418633'),
	('06368591-db32-42c7-b7b5-4b5a5f9dddbc', 'vi', 'Bảo tàng Chứng tích Chiến tranh', 'Bảo tàng Chứng tích Chiến tranh là nơi lưu giữ và trưng bày những tư liệu, hiện vật về hậu quả tàn khốc của các cuộc chiến tranh tại Việt Nam. Nơi đây mang đến cho du khách cái nhìn chân thực, sâu sắc về lịch sử và thông điệp mạnh mẽ về khát vọng hòa bình. Đây là một trong những bảo tàng thu hút đông đảo lượng khách quốc tế nhất khi đến thăm Thành phố Hồ Chí Minh.', 'http://localhost:8000/media/pois/5594af38-0e8e-4aa0-a726-120e08102948/audio_vi', '5594af38-0e8e-4aa0-a726-120e08102948', '2026-04-07 02:12:08.660990', '2026-04-07 02:30:45.980710'),
	('160dee0b-17d9-469f-905c-039b191f2659', 'zh', '西贡动植物园', '西贡动植物园是世界上最古老的植物园和动物园之一，位于第一区的中心地带。它拥有广阔的绿地，保存着数千种不同的动物和稀有的古树种。这个校园不仅是家庭周末理想的娱乐场所，也是青少年有益的天然教育场所。', 'http://localhost:8000/media/pois/0e04de5e-bb05-45ee-b7c5-8050e6fbdbac/audio_zh.mp3', '0e04de5e-bb05-45ee-b7c5-8050e6fbdbac', '2026-04-07 10:33:52.631031', '2026-04-07 10:33:52.631031'),
	('352072c9-cc36-4bf4-a3b0-19cc08791417', 'vi', 'Chợ Bến Thành', 'Chợ Bến Thành không chỉ là khu chợ bán lẻ quy mô lớn mà còn là biểu tượng văn hóa và giao thương lâu đời của Sài Gòn. Công trình nổi bật với tháp đồng hồ đặc trưng ở cửa Nam, bên trong bày bán đa dạng các mặt hàng từ quần áo, đồ thủ công mỹ nghệ đến đặc sản địa phương. Trải qua hơn một thế kỷ, ngôi chợ này vẫn giữ được sức sống mãnh liệt và là điểm dừng chân không thể thiếu của du khách.', 'http://localhost:8000/media/pois/18d539c2-8237-4238-96b0-6b5285afbf4b/audio_vi', '18d539c2-8237-4238-96b0-6b5285afbf4b', '2026-04-07 02:14:06.317926', '2026-04-07 02:28:37.050796'),
	('39fae402-9014-44a9-a289-858e1832da02', 'en', 'Phở Hòa Pasteur', 'Phở Hòa on Pasteur Street is one of the oldest and most famous pho restaurants in Saigon, operating for over 50 years. The broth here is simmered from beef bones for many hours, bringing a naturally sweet and rich traditional flavor. The restaurant is always bustling with customers every day and is an unmissable culinary destination for both locals and international tourists.', 'http://localhost:8000/media/pois/67573322-bd75-491e-bbb7-444685596429/audio_en', '67573322-bd75-491e-bbb7-444685596429', '2026-04-07 09:53:25.794624', '2026-04-07 09:53:25.794624'),
	('59284f6b-687a-45b0-a0eb-ca64fe0a639e', 'en', 'War Remnants Museum', 'The War Remnants Museum preserves and displays documents and artifacts about the devastating consequences of wars in Vietnam. It offers visitors a realistic and profound insight into history and a powerful message of yearning for peace. It is one of the most visited museums by international tourists when visiting Ho Chi Minh City.', 'http://localhost:8000/media/pois/5594af38-0e8e-4aa0-a726-120e08102948/audio_en', '5594af38-0e8e-4aa0-a726-120e08102948', '2026-04-07 09:51:50.200158', '2026-04-07 09:51:50.200158'),
	('749ed179-7006-4f0c-b75f-3a37185a41e4', 'vi', 'Chung cư 42 Nguyễn Huệ', 'Chung cư 42 Nguyễn Huệ là một tòa nhà chung cư cũ được cải tạo lại, quy tụ hàng chục quán cà phê, trà sữa và cửa hàng thời trang độc đáo. Từ ban công của các quán nước, khách hàng có thể ngắm trọn vẹn phố đi bộ sầm uất và tận hưởng không khí nhộn nhịp của trung tâm thành phố. Đây là điểm check-in quen thuộc và mang đậm phong cách sống hiện đại của giới trẻ Sài Thành.', 'http://localhost:8000/media/pois/5c52d4d3-1e43-4d2d-9c5f-d568cb0da6f6/audio_vi', '5c52d4d3-1e43-4d2d-9c5f-d568cb0da6f6', '2026-04-07 02:13:22.557645', '2026-04-07 02:33:12.088418'),
	('7a08d0fa-d9a6-4508-b2d0-f2ea5278d0e4', 'en', 'Ben Thanh Market', 'Ben Thanh Market is not only a large-scale retail market but also a long-standing cultural and trading symbol of Saigon. The building is distinguished by its iconic clock tower at the South Gate, offering a diverse range of goods from clothing, handicrafts, to local specialties. Having stood for over a century, this market retains its vibrant energy and is an indispensable stop for tourists.', 'http://localhost:8000/media/pois/18d539c2-8237-4238-96b0-6b5285afbf4b/audio_en', '18d539c2-8237-4238-96b0-6b5285afbf4b', '2026-04-07 09:39:45.453613', '2026-04-07 09:41:48.283189'),
	('7bf90744-9a6b-4c2a-8bd8-501678d7a9e5', 'ja', 'フォー・ホア・パストゥール', 'パストゥール通りにあるフォー・ホアは、50年以上営業しているサイゴンの最も古く、最も有名なフォー店の一つです。ここでは、牛の骨髄を長時間煮込んで作られたスープが、自然で甘く、伝統的な風味豊かな味わいを醸し出しています。この店は毎日多くの顧客で賑わっており、地元の人々や外国人観光客にとって見逃せないグルメスポットです。', 'http://localhost:8000/media/pois/67573322-bd75-491e-bbb7-444685596429/audio_ja', '67573322-bd75-491e-bbb7-444685596429', '2026-04-07 09:56:53.317099', '2026-04-07 09:56:53.318083'),
	('7e76508d-672b-49a7-8515-41801ed2f1d6', 'en', 'Thao Cam Vien', '', NULL, '0e04de5e-bb05-45ee-b7c5-8050e6fbdbac', '2026-04-07 07:07:39.095934', '2026-04-07 07:07:39.095934'),
	('829deece-21cc-4ffd-a7e9-63fdc2a0324b', 'fr', 'Thảo Cầm Viên Sài Gòn', 'Le Jardin botanique de Saïgon est l\'un des plus anciens jardins botaniques et zoos du monde, situé en plein cœur du district 1. Il offre un immense espace vert luxuriant, abritant des milliers d\'animaux divers et des espèces d\'arbres centenaires rares. Ce parc n\'est pas seulement une destination de loisirs idéale pour les familles le week-end, mais aussi un lieu d\'éducation à la nature enrichissant pour les jeunes.', 'http://localhost:8000/media/pois/0e04de5e-bb05-45ee-b7c5-8050e6fbdbac/audio_fr', '0e04de5e-bb05-45ee-b7c5-8050e6fbdbac', '2026-04-07 08:33:45.217256', '2026-04-07 08:33:45.218940'),
	('9dcd2071-4f7d-4d66-9b5f-8d3396474773', 'fr', 'Marché de Ben Thanh', 'Le marché Ben Thanh n\'est pas seulement un marché de détail à grande échelle, mais aussi un symbole culturel et commercial de longue date de Saigon. Le projet se distingue par sa tour de l\'horloge emblématique à la porte sud, à l\'intérieur de laquelle vend une variété d\'articles allant des vêtements à l\'artisanat en passant par les spécialités locales. Après plus d\'un siècle, ce marché conserve toujours sa vitalité et constitue une étape incontournable pour les touristes.', 'http://localhost:8000/media/pois/18d539c2-8237-4238-96b0-6b5285afbf4b/audio_fr.mp3', '18d539c2-8237-4238-96b0-6b5285afbf4b', '2026-04-07 10:44:00.124481', '2026-04-07 10:44:00.124481'),
	('a352f83a-a6f3-4240-b1b2-49f579269786', 'ja', 'ベンタイン市場', 'ベンタイン市場は大規模な小売市場であるだけでなく、サイゴンの長年にわたる文化と貿易のシンボルでもあります。このプロジェクトは、南門にある特徴的な時計塔で際立っており、その中には衣料品、手工芸品、地元の特産品に至るまで、さまざまな品物が販売されています。 1世紀以上経った今でもその活気を保っており、観光客にとって欠かせない市場となっています。', 'http://localhost:8000/media/pois/18d539c2-8237-4238-96b0-6b5285afbf4b/audio_ja.mp3', '18d539c2-8237-4238-96b0-6b5285afbf4b', '2026-04-07 10:46:41.230831', '2026-04-07 10:46:41.230831'),
	('b1991c08-2aa0-405b-8a53-dab732257eff', 'vi', 'Thảo Cầm Viên Sài Gòn', 'Thảo Cầm Viên Sài Gòn là một trong những công viên thực vật và vườn thú lâu đời nhất trên thế giới, tọa lạc ngay tại trung tâm Quận 1. Nơi đây sở hữu không gian xanh mát khổng lồ, bảo tồn hàng ngàn cá thể động vật đa dạng và các loài cây cổ thụ quý hiếm. Khuôn viên này không chỉ là địa điểm vui chơi giải trí cuối tuần lý tưởng cho các gia đình mà còn là nơi giáo dục thiên nhiên bổ ích cho giới trẻ.', 'http://localhost:8000/media/pois/0e04de5e-bb05-45ee-b7c5-8050e6fbdbac/audio_vi', '0e04de5e-bb05-45ee-b7c5-8050e6fbdbac', '2026-04-07 02:10:39.750357', '2026-04-07 02:15:35.395634'),
	('c589238e-4927-456b-a1a0-47eeda467e2f', 'vi', 'Bánh mì Huynh Hoa', 'Bánh mì Huynh Hoa được mệnh danh là tiệm bánh mì đắt và đông khách bậc nhất Sài Gòn, nổi tiếng với ổ bánh mì vô cùng đầy đặn. Lớp nhân bên trong cực kỳ chất lượng với vô số loại chả, thịt nguội, pate béo ngậy và chà bông mặn mà xếp lớp dày đặc. Dù luôn phải xếp hàng chờ đợi, hương vị đậm đà đặc trưng của tiệm vẫn khiến thực khách sẵn lòng chờ đợi để thưởng thức.', 'http://localhost:8000/media/pois/fed23e35-f318-4c39-9f46-e4581fe709ee/audio_vi', 'fed23e35-f318-4c39-9f46-e4581fe709ee', '2026-04-07 02:37:54.294829', '2026-04-07 03:30:14.382407'),
	('cbe9ea73-1766-4a46-aafc-3fb618c2b1c4', 'vi', 'Phở Hòa Pasteur', 'Phở Hòa trên đường Pasteur là một trong những quán phở lâu đời và nổi tiếng bậc nhất tại Sài Gòn với hơn 50 năm hoạt động. Nước dùng ở đây được ninh từ xương ống bò trong nhiều giờ, mang lại hương vị ngọt thanh tự nhiên và đậm đà hương vị truyền thống. Quán luôn tấp nập thực khách mỗi ngày và là địa chỉ ẩm thực không thể bỏ qua đối với cả người dân địa phương lẫn du khách quốc tế.', 'http://localhost:8000/media/pois/67573322-bd75-491e-bbb7-444685596429/audio_vi', '67573322-bd75-491e-bbb7-444685596429', '2026-04-07 02:08:48.535257', '2026-04-07 02:34:41.651602'),
	('e91374f3-3bfc-4f30-a81f-85790a9d45d7', 'ja', 'サイゴン動物園', 'サイゴン動植物園は、世界でも有数の歴史ある植物園・動物園であり、1区の中心部に位置しています。広大な緑地には、数千もの多様な動物と希少な古木が保護されています。この敷地は、家族連れにとって理想的な週末のレジャー施設であるだけでなく、若者にとって有益な自然教育の場でもあります。', NULL, '0e04de5e-bb05-45ee-b7c5-8050e6fbdbac', '2026-04-07 08:51:25.275700', '2026-04-07 10:35:00.670117');

-- Dumping data for table gps_db.pois_poi: ~7 rows (approximately)
INSERT INTO `pois_poi` (`id`, `default_lang`, `image`, `type`, `radius`, `latitude`, `longitude`, `status`, `slug`, `created_at`, `updated_at`) VALUES
	('0e04de5e-bb05-45ee-b7c5-8050e6fbdbac', 'vi', 'http://localhost:8000/media/pois/0e04de5e-bb05-45ee-b7c5-8050e6fbdbac/image.webp', 'park', 800, 10.7875, 106.705278, 'active', 'thao-cam-vien-sai-gon', '2026-04-07 02:10:39.732537', '2026-04-07 10:35:09.240492'),
	('18d539c2-8237-4238-96b0-6b5285afbf4b', 'vi', 'http://localhost:8000/media/pois/18d539c2-8237-4238-96b0-6b5285afbf4b/image.jpg', 'historical', 400, 10.7725, 106.698056, 'active', 'cho-ben-thanh', '2026-04-07 02:14:06.300247', '2026-04-07 10:46:50.293188'),
	('5594af38-0e8e-4aa0-a726-120e08102948', 'vi', 'http://localhost:8000/media/pois/5594af38-0e8e-4aa0-a726-120e08102948/image.jpg', 'museum', 300, 10.779444, 106.692222, 'active', 'bao-tang-chung-tich-chien-tranh', '2026-04-07 02:12:08.644614', '2026-04-07 09:52:36.753754'),
	('5c52d4d3-1e43-4d2d-9c5f-d568cb0da6f6', 'vi', 'http://localhost:8000/media/pois/5c52d4d3-1e43-4d2d-9c5f-d568cb0da6f6/image.jpg', 'drink', 100, 10.774167, 106.703889, 'active', 'chung-cu-42-nguyen-hue', '2026-04-07 02:13:22.537304', '2026-04-07 02:33:17.717846'),
	('67573322-bd75-491e-bbb7-444685596429', 'vi', 'http://localhost:8000/media/pois/67573322-bd75-491e-bbb7-444685596429/image.webp', 'food', 150, 10.789111, 106.689694, 'active', 'pho-hoa-pasteur', '2026-04-07 02:08:48.516744', '2026-04-07 02:34:42.841310'),
	('e73cc8a6-d51a-4770-b19c-825db407a174', 'vi', 'http://localhost:8000/media/pois/e73cc8a6-d51a-4770-b19c-825db407a174/image.jpg', 'historical', 500, 10.776889, 106.695333, 'active', 'dinh-doc-lap', '2026-04-07 02:07:44.855349', '2026-04-07 02:35:47.454071'),
	('fed23e35-f318-4c39-9f46-e4581fe709ee', 'vi', 'http://127.0.0.1:8000/media/pois/fed23e35-f318-4c39-9f46-e4581fe709ee/image.png', 'food', 50, 10.771667, 106.6925, 'active', 'banh-mi-huynh-hoa', '2026-04-07 02:37:54.286652', '2026-04-07 02:37:54.286652');

-- Dumping data for table gps_db.subscriptions_subscription: ~0 rows (approximately)

-- Dumping data for table gps_db.subscriptions_subscriptionplan: ~0 rows (approximately)

-- Dumping data for table gps_db.tours_tour: ~3 rows (approximately)
INSERT INTO `tours_tour` (`id`, `name`, `description`, `created_at`, `updated_at`, `image`, `status`) VALUES
	('a5075f25-82ff-40c4-8350-5dd1e9b0a5d8', 'Thiên Nhiên Xanh và Tinh Hoa Ẩm Thực Sài Gòn', 'Bắt đầu ngày mới tràn đầy năng lượng với không gian xanh mát và hệ sinh thái đa dạng tại Thảo Cầm Viên Sài Gòn. Xuyên suốt hành trình dạo chơi, du khách sẽ được dừng chân để thưởng thức những món ăn mang tính biểu tượng của thành phố. Trải nghiệm nếm thử ổ Bánh mì Huynh Hoa đầy đặn và tô Phở Hòa Pasteur đậm đà chắc chắn sẽ làm hài lòng bất kỳ tín đồ ẩm thực nào.', '2026-04-07 02:39:02.507206', '2026-04-07 02:41:14.374174', 'http://localhost:8000/media/tours/a5075f25-82ff-40c4-8350-5dd1e9b0a5d8/image.jpg', 'published'),
	('b2d16d9b-d186-44c6-9ec1-452c5b4e4ba0', 'Sài Gòn Lịch Sử và Hiện Đại', 'Chuyến hành trình bắt đầu bằng việc khám phá những thăng trầm lịch sử của thành phố qua Dinh Độc Lập và Bảo tàng Chứng tích Chiến tranh. Sau buổi sáng đậm chất hoài niệm, du khách sẽ được thư giãn và ngắm nhìn nhịp sống nhộn nhịp từ các quán cà phê độc đáo tại Chung cư 42 Nguyễn Huệ. Đây là tour lý tưởng để cảm nhận sự giao thoa hoàn hảo giữa quá khứ và hiện tại của Sài Gòn.', '2026-04-07 02:38:36.574551', '2026-04-07 02:41:34.184906', 'http://localhost:8000/media/tours/b2d16d9b-d186-44c6-9ec1-452c5b4e4ba0/image.jpg', 'published'),
	('d64c039d-bc2d-40ed-9eda-7388595ae2d1', 'Dấu Ấn Sài Gòn Xưa', 'Hành trình ngắn đưa bạn ghé thăm những công trình kiến trúc và biểu tượng văn hóa lâu đời nhất của trung tâm thành phố. Du khách sẽ được dạo bước qua Chợ Bến Thành sầm uất với bề dày lịch sử hàng trăm năm, mua sắm đồ thủ công mỹ nghệ và tìm hiểu văn hóa giao thương địa phương. Sau đó, tiếp tục di chuyển đến Dinh Độc Lập để chiêm ngưỡng trọn vẹn kiến trúc độc đáo và không gian lịch sử hào hùng.', '2026-04-07 02:39:31.458520', '2026-04-07 02:40:20.152475', 'http://localhost:8000/media/tours/d64c039d-bc2d-40ed-9eda-7388595ae2d1/image.jpg', 'published');

-- Dumping data for table gps_db.tours_tourpoint: ~9 rows (approximately)
INSERT INTO `tours_tourpoint` (`id`, `position`, `poi_id`, `tour_id`, `created_at`, `updated_at`) VALUES
	('0e926faf-1f5c-4d09-88d5-50e0238cb813', 3, 'e73cc8a6-d51a-4770-b19c-825db407a174', 'd64c039d-bc2d-40ed-9eda-7388595ae2d1', '2026-04-07 02:40:16.320047', '2026-04-07 02:40:16.320047'),
	('1c22a26c-390f-482d-ab2d-8dc72fc21540', 2, '0e04de5e-bb05-45ee-b7c5-8050e6fbdbac', 'a5075f25-82ff-40c4-8350-5dd1e9b0a5d8', '2026-04-07 02:41:12.241104', '2026-04-07 02:41:12.241104'),
	('73e9978d-b5c4-424c-a7a1-630862098314', 2, '5c52d4d3-1e43-4d2d-9c5f-d568cb0da6f6', 'd64c039d-bc2d-40ed-9eda-7388595ae2d1', '2026-04-07 02:40:16.219857', '2026-04-07 02:40:16.219857'),
	('96b036d0-96d5-4183-9ffa-408164d9e596', 4, 'fed23e35-f318-4c39-9f46-e4581fe709ee', 'a5075f25-82ff-40c4-8350-5dd1e9b0a5d8', '2026-04-07 02:41:12.481356', '2026-04-07 02:41:12.481356'),
	('bae6efd3-e433-4c06-a9ad-c7f054ea4e79', 1, '18d539c2-8237-4238-96b0-6b5285afbf4b', 'd64c039d-bc2d-40ed-9eda-7388595ae2d1', '2026-04-07 02:40:16.081366', '2026-04-07 02:40:16.082381'),
	('c2c37e2d-d77a-44d9-a229-5206b44c634d', 3, '67573322-bd75-491e-bbb7-444685596429', 'a5075f25-82ff-40c4-8350-5dd1e9b0a5d8', '2026-04-07 02:41:12.365221', '2026-04-07 02:41:12.365221'),
	('da63edc6-33f9-4197-a6b9-8fe1e25e7787', 1, '5c52d4d3-1e43-4d2d-9c5f-d568cb0da6f6', 'a5075f25-82ff-40c4-8350-5dd1e9b0a5d8', '2026-04-07 02:41:12.128856', '2026-04-07 02:41:12.128856'),
	('fbd4fced-bf71-43ce-9e72-2d3dd2c95db0', 2, 'e73cc8a6-d51a-4770-b19c-825db407a174', 'b2d16d9b-d186-44c6-9ec1-452c5b4e4ba0', '2026-04-07 02:41:33.181587', '2026-04-07 02:41:33.181587'),
	('fe1d8840-d550-4420-ae9e-87edf6782c13', 1, '5594af38-0e8e-4aa0-a726-120e08102948', 'b2d16d9b-d186-44c6-9ec1-452c5b4e4ba0', '2026-04-07 02:41:33.078116', '2026-04-07 02:41:33.078116');

/*!40103 SET TIME_ZONE=IFNULL(@OLD_TIME_ZONE, 'system') */;
/*!40101 SET SQL_MODE=IFNULL(@OLD_SQL_MODE, '') */;
/*!40014 SET FOREIGN_KEY_CHECKS=IFNULL(@OLD_FOREIGN_KEY_CHECKS, 1) */;
/*!40101 SET CHARACTER_SET_CLIENT=@OLD_CHARACTER_SET_CLIENT */;
/*!40111 SET SQL_NOTES=IFNULL(@OLD_SQL_NOTES, 1) */;

SET FOREIGN_KEY_CHECKS = 1;